id,hashed_user_id,hashed_pwd_string
1,1,5459ffea690882061cfa56fa9033278370e48de356c700637aad68d14f2ae0ae
2,2,07703ba76ae595a212c8317146fb292fb773f34314a3708a6f3e916bbf6e499c
3,3,1caf7cfa34bdb90fd7a332dfed5a5e0d1a153d6a164234aa98b7ba611b83abe7
4,4,ea8ced964d6826e1eede67dccaea05e543e4bcf84ff06d6af8f7877413a91538
5,5,7a09363a667de652e1666b0810219bb7886036dca13af909cd755c80df946365
6,6,ccd108b762527fcdcdb8c5b6cad6480e9b81a5d92f29e6793d6865b274bc50dc
7,7,a5c5e74448987538a8bffda3518f59e2f3785cf460d4f882a2c563af654fe13f
8,8,1a4c96ddeda1e2bfc16abd7bd6f8a72dc416c10c824747cbe5b1f9cc20671c40
9,9,e9c59dd5748d8c0be520b37658c8da542720916cc6d7ff627ad2ba0e76237bca
10,10,5ad2e13f01b6c6597301b4dd8fa5b2a055c6e4245e84f63344f6bbb5c0f3c802